,ALA,ARG,ASN,ASP,CYS,GLN,GLU,GLY,HIS,ILE,LEU,LYS,MET,PHE,PRO,SER,THR,TRP,TYR,VAL
ALA,0.0,7.12,2.23,3.8,1.99,3.05,4.22,1.68,4.35,4.45,3.56,5.6,3.74,5.4,2.37,0.84,2.44,7.6,5.78,3.26
ARG,7.12,0.0,5.36,8.52,6.31,5.65,8.05,8.13,3.63,6.16,5.84,1.62,5.76,5.83,5.51,6.93,6.41,6.19,5.5,6.24
ASN,2.23,5.36,0.0,3.58,2.22,1.39,3.54,3.44,2.6,3.72,2.77,3.95,2.61,4.11,1.75,1.7,1.94,6.12,4.17,2.82
ASP,3.8,8.52,3.58,0.0,4.14,3.0,1.03,4.54,5.36,4.94,4.26,7.33,3.87,5.05,4.27,3.1,3.19,6.99,5.08,4.22
CYS,1.99,6.31,2.22,4.14,0.0,2.45,4.17,3.4,3.21,2.92,1.82,5.02,2.21,3.73,1.34,1.96,1.95,5.9,4.31,2.04
GLN,3.05,5.65,1.39,3.0,2.45,0.0,2.6,4.28,2.62,3.35,2.22,4.5,1.72,3.12,2.24,2.38,2.06,5.1,3.11,2.76
GLU,4.22,8.05,3.54,1.03,4.17,2.6,0.0,5.11,4.96,4.66,3.91,6.99,3.38,4.36,4.25,3.47,3.28,6.15,4.29,4.15
GLY,1.68,8.13,3.44,4.54,3.4,4.28,5.11,0.0,5.78,6.08,5.07,6.54,5.19,6.85,3.95,2.11,4.04,9.0,7.19,4.91
HIS,4.35,3.63,2.6,5.36,3.21,2.62,4.96,5.78,0.0,2.72,2.41,2.79,2.37,2.89,2.25,4.03,2.94,4.4,2.85,2.69
ILE,4.45,6.16,3.72,4.94,2.92,3.35,4.66,6.08,2.72,0.0,1.61,5.41,2.01,2.3,2.4,4.2,2.43,4.23,2.92,1.27
LEU,3.56,5.84,2.77,4.26,1.82,2.22,3.91,5.07,2.41,1.61,0.0,4.89,0.76,1.97,1.81,3.26,2.11,4.17,2.64,1.56
LYS,5.6,1.62,3.95,7.33,5.02,4.5,6.99,6.54,2.79,5.41,4.89,0.0,4.86,5.36,4.24,5.45,5.18,6.3,5.16,5.2
MET,3.74,5.76,2.61,3.87,2.21,1.72,3.38,5.19,2.37,2.01,0.76,4.86,0.0,1.68,2.14,3.28,2.19,3.9,2.15,1.98
PHE,5.4,5.83,4.11,5.05,3.73,3.12,4.36,6.85,2.89,2.3,1.97,5.36,1.68,0.0,3.56,4.95,3.64,2.27,1.01,3.06
PRO,2.37,5.51,1.75,4.27,1.34,2.24,4.25,3.95,2.25,2.4,1.81,4.24,2.14,3.56,0.0,2.21,1.35,5.68,3.95,1.41
SER,0.84,6.93,1.7,3.1,1.96,2.38,3.47,2.11,4.03,4.2,3.26,5.45,3.28,4.95,2.21,0.0,2.02,7.15,5.24,3.05
THR,2.44,6.41,1.94,3.19,1.95,2.06,3.28,4.04,2.94,2.43,2.11,5.18,2.19,3.64,1.35,2.02,0.0,5.85,3.94,1.3
TRP,7.6,6.19,6.12,6.99,5.9,5.1,6.15,9.0,4.4,4.23,4.17,6.3,3.9,2.27,5.68,7.15,5.85,0.0,2.1,5.21
TYR,5.78,5.5,4.17,5.08,4.31,3.11,4.29,7.19,2.85,2.92,2.64,5.16,2.15,1.01,3.95,5.24,3.94,2.1,0.0,3.58
VAL,3.26,6.24,2.82,4.22,2.04,2.76,4.15,4.91,2.69,1.27,1.56,5.2,1.98,3.06,1.41,3.05,1.3,5.21,3.58,0.0
