x,y,peptide
-0.43651043571212145,1.8062437259224617,
-0.8806707084071419,-2.050176862861219,
0.739113925269333,0.5026782960749179,AFLPFAMGI
-1.4746631523870954,-1.3694590294125768,AIASEFSSL
-0.5776174708119411,0.5089105511077572,AIFYLITPV
-1.789051026099291,-0.1446205429954669,AIMTRCLAV
-1.9477403172617245,0.20171914105834193,AINRPQIGV
0.404386361586614,-1.4891862276618495,
-0.4716691202693465,1.0911255742758068,
-0.20924268527375586,0.35573289248913126,ALAPNMMVT
-0.05876948935873819,-1.3789536442115229,ALCADSIII
-0.7420082149756292,0.2999735149866133,ALDISASIV
-0.513141834649801,1.0715097229264656,
0.27946001933718734,1.1874391295774132,
0.01812658819712676,0.21166884255853502,ALGKLQDVV
-0.48394093882541156,-2.529789407458813,ALGVLMSNL
-0.06263839325214865,-0.9272599578633732,
-2.060875203069346,0.5980558105882718,ALLADKFPV
1.1151846307493671,-1.4790197254265731,
-0.501250622755733,0.09945777546147952,ALLAGTITS
-0.19155416908848905,1.0191654239357992,ALLAVFQSA
-0.10963956666378008,0.3980733884457674,
-0.2516481974839239,-0.8997064626308171,ALLEDEFTP
1.0538087428261498,0.6981107358739782,ALLSDLQDL
-1.8987185420975476,0.06662277595789559,
0.5880214872121131,-1.945316482776529,ALNKATNNA
1.3990286568302253,-1.2768270720264947,ALNLGETFV
-0.6593374714172907,1.0872239049431083,ALNNIINNA
1.276433577907134,1.154236375286009,ALNTLVKQL
-0.6539146937093321,1.1495444777339447,ALPETTADI
-0.2634581997922035,0.4541569781254699,
-0.08992714693127002,0.6874029466695084,ALQDAYYRA
0.9263963370652148,0.8633164655515867,
1.9985539843492215,-0.7175348029059677,
-0.44165696196473236,0.9295781170037793,ALSKGVHFV
0.13728651321540122,0.1273248625402633,
0.7692164025917336,1.1176582813517184,
1.1836591845258966,-1.4958080062939971,ALVYFLQSI
0.5628017239109392,1.439509353498196,
-0.03813141155663957,1.5137299080474853,ALWEIQQVV
0.8162435020733245,1.2167992635648828,ALYYPSARI
1.2360608938129283,-0.859349591212808,
-1.8175771016428917,0.24301290620132435,AMGIIAMSA
-0.8097363640425161,-2.1535167598090386,AMQTMLFTM
-0.5352174115084762,0.969182089750797,
-1.6880753800945925,-1.9197767636459533,
0.705401638464153,-1.7585183369589505,
-0.07272763223268534,0.37185748974585053,AMYTPHTVL
-0.334869353210399,-0.7915208248027329,AQFAPSASA
0.7986134321696392,1.3196889326162926,
0.38028241766224297,-1.4729979755984912,ASFDNFKFV
0.8110183903873546,1.1310667452316556,ASLPFGWLI
0.9021787424957318,-1.9139365701374114,ATIPIQASL
-0.40355419039661766,-2.727332413292157,ATVAYFNMV
0.9252779081031791,1.0194345618531517,AVANGDSEV
-0.5808756516389817,0.734356958721562,AVASKILGL
-0.48688171345452597,0.724861732086753,AVIKTLQPV
-1.9151186637498014,-0.012465198356243256,
0.19995609371599374,1.2226700499677765,AVLDMCASL
-0.6533782354606245,-2.2055767211551185,DLFMRIFTI
-0.2444614277423032,0.32056915368778355,DLNETLVTM
1.6242675786010299,-0.25517879536404614,ELDERIDKV
0.45173645643381755,-1.8972120304348463,ELFENKTTL
-1.6585422983050844,-0.45906925669064047,ELLHAPATV
0.48762220373905035,1.5669551411840577,ELTPVVQTI
-0.6602756723499511,1.053901046544516,ELYSPIFLI
-2.126670254542286,0.10288611427217056,
0.8533002422293833,0.9752652505880598,FAFACPDGV
0.5430292961430108,0.168781263268444,FAQDGNAAI
-0.541316972967977,0.778085831962926,
-0.04456300835059598,0.3638051951741159,FCNDPFLGV
0.9194294934468609,-1.5993741802226136,
0.691395325830556,0.6817815582207352,
1.7390546557382325,-0.8760816408273066,
-0.690437844408374,0.3307471717473113,FFFYENAFL
-0.5054654348909356,0.8923991770753478,FGADPIHSL
-1.0874272815726216,-1.932849859007863,FGDDTVIEV
-0.06525872336528538,0.14081186326834993,
1.056797414196405,-1.499113027526103,
-0.27594065144180757,0.17011058205747856,
-0.23494542590357817,0.2174637995805144,FIAGLIAIV
0.6687476745221005,-1.5905248834728325,FIASFRLFA
1.1051697806290215,-1.3736296213018597,
0.7925735430293716,1.6575562759182598,
-0.22555115694619135,0.2575577428287264,
0.8554970017930453,1.1641631195686588,FITESKPSV
0.5825425459689905,1.6663141271868755,
0.11011409748615206,0.5528516149115343,
1.0012974604114482,-0.8336396710552453,
0.9841145411409176,1.075926079279059,
1.315494850492466,0.7966160575157542,FLAFVVFLL
0.040919614972278036,0.3358209939496473,FLAHIQWMV
2.0341630843869574,-0.08398392820791868,FLALCADSI
1.6350491727661516,-0.5846827023279103,
-2.1791600356576413,0.1096544635534369,FLALITLAT
0.08978976859809015,-0.8299525148332666,FLARGIVFM
-0.5517804564923877,0.920288237511823,FLEGETLPT
1.074795978334265,-1.3062731838218893,
-2.2667055270830216,0.26644442015811887,
-0.19728685775910032,0.5459800618136866,FLEYHDVRV
-2.036014233617379,0.13949136915864335,
-0.5667638490731662,-1.382256187277633,
-0.48541250157363297,0.40428385178053733,FLGIITTVA
-0.16439544829508174,0.6172714890154829,
-0.7050149842302869,-0.47294959713293233,FLGRYMSAL
0.927221407346189,1.0634983763389743,
-0.7075513723670723,-0.35076169854233546,FLHVTYVPA
-0.1362619922477059,0.7798709241754896,
-0.5829978674219399,0.6929578541213594,
1.619662503638457,-1.2512193385081583,FLKKDAPYI
-1.9075081216403973,-0.30207201618214485,
-1.597487174314185,-0.22464427197002707,FLKRGDKSV
-0.8007803865576195,0.33754376859925905,FLLNKEMYL
-0.01958049228707321,0.27429522870446293,
-0.27290447135010637,-2.3897281301309063,FLLPSLATV
0.5316306589502083,-1.2047741746373093,FLLVTLAIL
0.9705202020803623,-1.0186268255679172,FLMSFTVLC
0.5721780906874587,1.5435532780434553,
0.6091115793317986,1.4420027835761908,
1.5180481061000035,-1.2713973428643357,FLNGSCGSV
-0.8813566626807151,1.100379215350344,FLNKVVSTT
-0.8574662237643077,-0.4999540203175355,FLNRFTTTL
-0.1677959588287069,0.17618547012621358,
-0.5814383507795755,0.7801663332050648,
1.8082647650370507,-1.1889650277736852,FLPGVYSVI
-2.050465797726989,0.3513492264942889,
-0.18388853872993188,0.37908215669860823,
-1.075203568228845,-1.949964756509048,FLPRVFSAV
-0.1941992986539168,0.6685350507089676,
-0.6999551420129788,-0.8917792977800963,
-0.5536813103642659,-0.9784690582698331,
-0.10007375778675434,0.522914340064727,FLRDGWEIV
0.7332174386303865,-0.5814699954337523,
-2.524986103041749,-1.1342535874552204,
-0.5594263393054192,-0.9900654148356814,FLTENLLLY
1.5150283647227358,0.658045391359444,
-0.09936916555661458,0.3020176279271661,
-0.5416090979417737,0.6034293645218942,
0.943745332129516,0.8840186599430822,
-0.6341734184426522,0.8134311195170393,
0.5323148190526276,1.721704916304796,
0.15419460228577136,0.4706268857946734,FQFCNDPFL
0.03505063936918499,0.4983159882735599,
-0.9929243645592022,-2.202241131838811,FSASTSAFV
-0.19580146695730086,0.3149438831221046,FSYFAVHFI
1.779559129422034,-0.9664104892760222,FTISVTTEI
0.805325152271869,1.0094160541475514,FVAAIFYLI
0.651026996078361,1.4328224131146012,FVCDNIKFA
-0.03896954030208164,0.3148661073565844,
0.8661292166886853,0.9854356326551437,FVDGVPFVV
-0.2713853063710867,0.40463255440116275,FVDRQTAQA
-0.5848670055258195,0.6335856839526013,
0.3359825288560765,1.784051580002113,FVFPLNSII
0.9522649891840824,0.9865345798485932,FVLAAVYRI
0.5467463650981423,-1.665350931514908,
-0.12209359464690878,0.7482997957009394,FVMMSAPPA
-0.7037664315741345,0.07190808650787066,FVNEFYAYL
-0.12870227083231695,0.49478355504537574,FVSDADSTL
1.7862242688797674,0.2023641023040611,FVSEETGTL
0.2529924037573162,-1.804595003901122,
-1.9377477365242541,0.12623829283647672,FVTVYSHLL
-0.3299343575574268,1.089828322813975,
-0.3486689181300243,0.029132049798911604,FVVPGLPGT
1.8038860183372738,-0.8788053777881177,
-1.8372591844390238,1.0155799260313618,
-0.6548399293101049,0.4680597884761453,GALDISASI
0.9037706610521598,-1.0856522518686056,
0.4358492630431475,-1.349147662335528,GINASVVNI
0.2089896637856324,0.07067722597875771,GISQYSLRL
-0.6001495967074424,1.1079741243872347,
1.773469796985028,0.2512361467260457,GLAAIMQLF
0.5310397092772325,1.449147306179764,
1.026214848950379,0.9397134947200394,GLALYYPSA
-1.7283351070415978,-0.06159483253152,GLCVDIPGI
-0.3913960058543908,0.8743974668927601,GLEAPFLYL
-0.539658668436205,-2.1511539415090777,GLFKDCSKV
-0.17521875254769045,0.4951317141072704,
0.4078022990589055,0.1571648134935878,
1.7701013812508808,0.21666522324726073,GLIAIVMVT
-1.8395674286115464,-0.06432959399457666,GLLPPKNSI
0.45054595639033906,-1.4539675690641976,GLMWLSYFI
0.6317763485043226,-1.4239800822357713,GLNDNLLEI
-0.5966674335167643,0.8740595216514953,
-0.8509604616869735,0.5423485125013495,
0.6656050999701528,1.583438698538947,GLPGTILRT
-0.6623321282681859,0.8975804223548736,GLPWNVVRI
-0.19241547069175863,0.2557851902918875,GLTVLPPLL
0.1216552495804074,1.4015112806739871,GLVAEWFLA
-1.7574109251758936,-0.16554973554185498,GLVEVEKGV
1.074357765865548,-1.0378397309627339,
1.810801977244196,-0.0068699224233795455,
1.427679656779238,-1.087263112545773,
-0.22822759061104797,0.46535299985789486,
0.8592319377501041,1.0302182933277069,GLYPTLNIS
2.0390424459222944,-0.7825780439788496,GMSRIGMEV
-0.13858537804716942,0.3842229141312649,GMVLGSLAA
-1.9267835746211408,-0.24878005825207009,
-1.7838892208372115,-0.8407521687654493,
1.0770134688719868,0.7785555788450982,GQQFGPTYL
-0.5984924999083355,0.9201799055927303,
1.9953042443088875,-0.24722564156252017,GVAPGTAVL
-0.8117692291604555,0.6527414637214075,GVDIAANTV
-0.01433425368212449,0.40022860299878354,GVFCGVDAV
-0.7834226252128483,1.0786715898079982,GVGYQPYRV
0.16400734937696185,-0.06126638381435246,GVVTTVMFL
-0.12998026566274865,0.47415977240476037,GVYDYLVST
0.4796415828733995,-1.8004682733391058,
-1.987996482820196,0.5447781981630708,
0.9204672434864251,0.9263612699610867,
0.04999843931617334,0.5966356663524259,HLDGEVITF
1.083349128008546,-0.9009009002262047,
0.012653754474376534,0.5995591929228384,HLKDGTCGL
0.44747826761333076,-1.3382605783261021,HLLLVAAGL
-0.1682533209153475,0.4297169954502621,HLMSFPQSA
-0.4921700777377675,1.0615895561311683,
0.030245570754225473,1.4121802801012089,HLVDFQVTI
1.720763313111941,-0.6898996506428791,
0.5370218254581276,1.652607830610443,HMLDMYSVM
-0.09177871430355311,0.24362433325750033,
1.9314562204190842,-0.88558915140519,
-1.7456551501694921,-1.2200066519193242,HTIDGSSGV
0.7555464791122843,-1.5658866001065592,
1.0349624972508584,0.7951817824526188,HVVAFNTLL
0.19644277284954392,0.1992116877711871,IAIPTNFTI
-0.18946987743532887,1.7006850140140453,IFFASFYYV
1.0027569234797173,0.7870901445149884,IFVDGVPFV
-0.31887910151239063,0.42521653510746266,
-0.13669404228941917,0.22827937786074176,IIFLEGETL
-0.8247063098580655,0.9975021996943461,IIQFPNTYL
-0.25100613674018807,0.7334306749647069,IITTDNTFV
0.6149335611775554,-1.708316548357782,IIWFLLLSV
-1.727999973657893,-0.3464819318547004,
-0.7571113941008103,0.5772064524173185,ILASFSAST
0.7744549247155846,1.2317825212097737,ILAYCNKTV
-0.6521104186224104,1.0231104690839778,ILDGISQYS
-0.6778259691063924,0.7760117372250298,
-0.375285911594993,-1.180239329564393,ILFLALITL
-0.14805574512335629,-0.7278793554914582,ILFTRFFYV
-0.24617867530594276,0.5355029115152311,ILGLPTQTV
-0.06141469072751145,0.2455416898906137,ILGPLSAQT
1.8266063555414864,0.28652408064547247,ILGTVSWNL
-1.6721055950032317,-0.19453013464057936,ILHCANFNV
-1.0181091600704764,-1.8038977526076085,ILKPANNSL
1.0926599541670372,1.074210786681464,
1.5912226082982528,-0.9950699070070164,ILLLDQALV
0.2836170812133679,-1.9426514479661294,ILLNKHIDA
0.5190645931538894,-1.4680555772881558,ILNNLGVDI
-1.8941660174175226,0.7215904698916992,ILQKEKVNI
1.189412184035911,-1.7183942562944037,ILSDDAVVC
0.18524533954786387,1.4389587534344699,
-1.037980308873875,-2.553971579435569,ILSPLYAFA
0.016464694149135126,-0.8632281571936155,ILTSLLVLV
-0.2490100439944622,0.40877599665512676,
0.3078024480961718,0.9702965945389963,IQPGQTFSV
0.5584729240644347,-1.5914573330142963,ISDEFSSNV
1.2550713224290502,-1.8387436747593482,ISMDNSPNL
-1.0158035590264902,-2.1123589300806334,
-0.0986966096872161,-0.7960209761679524,ITFDNLKTL
0.14398952361526202,0.3806107119411205,IVAGGIVAI
0.8568603506317777,1.438835670105417,
0.6059908159522849,1.542344264583475,IVDEPEEHV
-0.6480157382011567,1.1357066557830806,IVDTVSALV
-0.5699046484071324,1.122963457473172,
1.0800672664382345,0.9715881204918854,IVGVALLAV
-0.17712336249096583,0.21974541303775608,IVNSVLLFL
0.6312939133843507,-1.5477054350592543,
-0.5210474588817826,0.15375234632143128,KIADYNYKL
-0.17700479989676843,0.6410104372488981,
-0.12201134794169023,0.2866184765544393,
2.0515149188978534,-0.8544611932049008,KIILFLALI
-0.045976572795957904,0.3827518004255952,
0.09113097552987406,0.4416812758506521,KITEHSWNA
1.3032169405588703,-1.2544119974379626,
-0.1286067646120196,0.3348663964520047,KIYSKHTPI
-0.10275425061445563,0.3641962247120265,
-0.10524717648751943,0.340712297168516,
-0.5763870814116461,1.1849371114602638,KLDDKDPNF
1.238651716796661,-1.52877783917394,KLDGFMGRI
0.10204433258622712,0.39083133199696224,
-0.12388028396134675,0.5575868223891074,
1.9084891324640665,-1.2481648913073347,
-1.8730200070055125,-1.6483821358243218,
0.5887343781513934,-1.3836676919777058,KLFDRYFKY
-0.18572842520801974,-0.9870117096862838,KLFIRQEEV
0.8101153721815325,-1.4578736686222,KLGSLVVRC
0.5503775334944861,-1.5323825624784921,
1.4988925244803901,-1.3698207840283518,KLIEYTDFA
0.6607834736775233,-1.4243485896069012,
-1.8114736833147764,-0.26213438456094207,KLINIIIWF
-0.35150398069402655,1.2071172746036292,
-1.309166052615083,-1.8088088091224355,KLKDCVMYA
-0.27606151497027226,0.5411969036841034,KLKPVLDWL
0.8501068487243914,1.3242166388745933,KLKTLVATA
0.8645878400993435,-1.647680233978212,
-0.18540652674978045,-0.00029936439247601674,
1.0077704782164205,0.8650740765255197,KLLEQWNLV
-1.8746109110004983,-0.0422501172097116,KLLKSIAAT
-0.8536653957421626,-2.1182497988415,KLMPVCVET
0.5074548301820201,0.10354783046235456,
0.6173570023406035,-1.7273914407114381,KLNEEIAII
0.4108998950994994,-0.09643168501567569,
-0.47513077983144203,1.159081025443473,
1.3377694549841577,0.9408960813462828,KLNIKLLGV
0.7177881896228875,-1.6373902047673985,KLNVGDYFV
0.02996933523991258,1.338160240292498,
0.4837895465844628,-1.148378189896477,KLPDDFTGC
-1.8367914396462617,0.18331279003982529,
-0.24772642793611724,0.3568092885803291,
-0.8979552876162964,0.15453719095135096,KLQFTSLEI
0.28442613810916617,-0.1084926556903127,
-0.27090659892085217,0.38818187659160885,
-1.6803339230103131,-0.18009125637776052,
2.09727378134684,-0.8959350953566035,
0.5410848646188953,-1.3227830813035129,KLSYGIATV
-2.1056926085425776,0.9725074915473667,
2.068454824253153,-0.013340231196927168,
-0.5068336354073418,0.9043183886836005,KLVNKFLAL
0.8840977262641876,0.9294622104485263,KLVSSFLEM
-2.050535503047921,1.1278316030808937,KLWAQCVQL
0.6439399504355934,1.3817443642030494,
0.4331894967240569,-1.4932395453057856,KMAFPSGKV
0.48391183347073524,-1.5685894373043445,
0.8151102559021236,1.1892506539730459,KMFDAYVNT
-0.3354888962082068,0.5305765205803507,
-0.9027002903699228,0.9915535433219462,KMVSLLSVL
-0.22110031136792693,-0.7632751379738859,
0.10700483984184533,0.5126873239863265,
-0.10606198003258718,0.4733872567754874,
-2.038273063462106,0.8734410317378032,KQGDDYVYL
-0.021441927182018854,0.39602092209404394,KQIYKTPPI
-0.940833517925035,-1.8595272093967965,KQLIKVTLV
0.6880448750266273,1.51561110675189,
-1.752345073979113,0.1753321081877727,KTIGPDMFL
1.2043466433035765,0.9837719949706824,
0.4437850864796399,1.6525943933889222,KVAGFAKFL
1.2241167578879923,-1.647607869396155,KVDGVDVEL
-0.8068725263621087,-2.2150355371667207,KVDGVVQQL
1.6926987142285999,-0.669529730732854,KVEGCMVQV
-1.8705973948334167,1.0705250634154195,KVFTTVDNI
-0.48866730464452035,1.0414643730001685,
-1.213297316605754,-2.055973573852508,LAWPLIVTA
0.3853285452317572,-1.60856746233642,LIIMRTFKV
0.8225949561967307,1.0705528455244322,LIVAAIVFI
-0.6271121102931604,0.6975560153124934,
-0.12277214722454903,-1.3546679904823222,LLADKFPVL
-0.6172579007642547,-2.473169408628847,LLAKDTTEA
0.1031165854281977,0.3556046846529686,LLALHRSYL
-0.6167935050734613,0.5843992663253323,
-0.14832583887158698,0.7377925245164532,LLDDFVEII
-0.2678587565599614,0.44408020154298344,
-0.03295821694076597,0.5672307376079974,
-0.03075809306763568,0.47299078010941087,LLEQWNLVI
-0.5806310663210799,0.9619084709370886,
1.6483172263604784,-0.630561608954577,LLFLMSFTV
-0.6014898138218955,-2.0457777166420765,LLFNKVTLA
-0.1308957663576337,-1.0503497441425969,
0.8890135733178222,0.9010243504376227,
-0.07943051632368847,0.6024745213869607,
-0.4466427864599615,-0.4902874464998409,
0.676787544543191,1.5301746239977294,LLLDDFVEI
0.6889459400424195,-1.5586231160987074,
1.0214213740772837,1.1749540069225666,LLLDRLNQL
-1.7880227736526257,-0.9102327806204767,
0.7386826865785938,-1.6854693280180786,LLLTILTSL
-0.12480393642079919,1.5456622894516032,
1.0901898573688011,0.859217073175726,LLMPILTLT
0.518821876400064,-1.2424668235935783,
-1.6948281537442487,-0.12759267000610458,LLSAGIFGA
-1.778062858155192,-0.3639697167565127,LLTILTSLL
-0.2196307942931589,0.6916522411037218,LLTLQQIEL
0.0022943653465276174,0.6774117475670265,LLTNMFTPL
0.7353479532768152,1.3006030572512806,LLTPLGIDL
-0.9010655908557084,0.6428356597760669,LLVAAGLEA
-2.1220417788009667,0.2947646539458999,LLWPVTLAC
-1.7003616953651068,0.060471034641024,LLYDANYFL
-2.024381384384406,0.7640501747524978,
1.0193678437487854,0.8980628208452636,LMCQPILLL
-1.1657522484357274,-1.8110935528593233,LMDGSIIQF
0.5690430521093243,1.5710622072197995,LMIERFVSL
1.326704326363451,-1.334451423336491,LMWLIINLV
0.8855087714679021,0.9702182629465526,
0.7972759829981435,1.1575049424747141,LQAENVTGL
0.8325114688635268,1.1493848636282138,LQAGNATEV
1.7438269268169466,-1.372794693949632,LQIPFAMQM
0.7215859954536782,1.329149672268371,LQLGFSTGV
-0.3942553379719608,1.001552463194208,LQNNELSPV
0.797556629381145,1.2352699107666452,
1.7720037830011517,0.652099631409598,LVLSVNPYV
0.3939562925286671,1.7737146957774208,
0.06803503482456508,0.08265407676466971,
-1.1945004638571897,-1.7154556343631617,
0.7887672597227188,1.1783771068875462,
-1.8750477308549263,-0.16294000199211658,MIAQYTSAL
-1.472888538431005,-0.2938139213230352,MILSDDAVV
0.8049199268333352,-1.6331066364804727,MLAKALRKV
0.47993647882229307,-1.469758421734451,MLDMYSVML
1.366672084560757,-0.7950707720397379,MLFTMLRKL
0.15485959042068714,0.26799172585610403,MLNPNYEDL
-0.3014345491729754,0.48053028438197504,
-1.3691439309588291,-2.165148916846406,MLSDTLKNL
0.5830168137938844,-1.6521644268461249,
0.8854255683916494,0.5970197081847186,MLWCKDGHV
1.0285383405067934,-1.0058816815430658,MMILSDDAV
-0.3638284128782425,0.32544835617505086,MMISAGFSL
-0.23178562605279118,0.5789659460139112,
0.048736633015154504,0.4233557767442392,MQVESDDYI
-0.6146571269977594,0.7282287537242359,
0.24223886302147457,0.24057810900918852,
-0.3696077998132311,0.9774064308791872,MVTNNTFTL
-0.7659574619547632,-2.4945788403725953,MVYMPASWV
-0.5528164743422669,-0.9065206628336453,
0.43580830849515473,0.9721786645013929,
0.5101537062287047,-1.3414104746776274,NLAKHCLHV
-0.08755822263057574,1.6833071243531461,
0.018119917003175907,0.05485424151590496,NLAWPLIVT
-1.1247298909380985,-2.0456317551316214,NLDYIINLI
-0.8754780978473026,0.5252206818840409,
-0.041420062104774204,-0.9650236656473347,NLHPDSATL
1.7479424193566602,-0.8002916845861002,
-2.0183000589765387,-0.13928386995370345,
-0.6338229245570347,0.44290426236814523,NLIDSYFVV
0.23645600225365698,1.3233857859249227,NLLKDCPAV
-0.10771627650034601,0.1854106280291163,NLLLLFVTV
-1.4672692230453062,-1.7640803872473614,NLNESLIDL
0.9414565756024678,1.2953650924493063,NLREMLAHA
-0.6371087265987939,0.9234339288911749,NLSDRVVFV
1.6476382970845234,-0.5653234242803996,
-0.14682387578379938,0.6460182975953337,
0.38825801097828616,-1.2194758952633589,NLVIGFLFL
0.8884486368208928,1.3062093419294178,NLWNTFTRL
-0.197110330151279,0.47922312609892825,NLYDKLVSS
1.0493326404254293,1.4713027679339485,
-0.11485042165561744,0.2498161119193714,NMLRIMASL
0.8350596210415486,0.47170330003294153,
1.0689524115788065,1.1753150374358374,NTFSSTFNV
-0.5211186613981262,0.391952372972445,
-1.7122706350127057,-0.030445017677920717,NTQEVFAQV
